{
  "1": 0.0939999967813491,
  "2": 0.166397869586944,
  "3": 0.215732470154762,
  "4": 0.255720049142837,
  "5": 0.290249884128570,
  "6": 0.321087598800659,
  "7": 0.349212676286697,
  "8": 0.375235587358474,
  "9": 0.399567276239395,
  "10": 0.422500014305114,
  "11": 0.443107545375824,
  "12": 0.462798386812210,
  "13": 0.481684952974319,
  "14": 0.499858438968658,
  "15": 0.517393946647644,
  "16": 0.534354329109191,
  "17": 0.550792694091796,
  "18": 0.566754519939422,
  "19": 0.582278907299041,
  "20": 0.597400009632110,
  "21": 0.612157285213470,
  "22": 0.626567125320434,
  "23": 0.640652954578399,
  "24": 0.654435634613037,
  "25": 0.667934000492096,
  "26": 0.681164920330047,
  "27": 0.694143652915954,
  "28": 0.706884205341339,
  "29": 0.719399094581604,
  "30": 0.731700003147125,
  "31": 0.737769484519958,
  "32": 0.743789434432983,
  "33": 0.749761044979095,
  "34": 0.755685508251190,
  "35": 0.761563837528228,
  "36": 0.767397165298461,
  "37": 0.773186504840850,
  "38": 0.778932750225067,
  "39": 0.784636974334716,
  "40": 0.790300011634826,
  "41": 0.795300006866455,
  "42": 0.800300002098083,
  "43": 0.805299997329711,
  "44": 0.810299992561340,
  "45": 0.815299987792968,
  "46": 0.820299983024597,
  "47": 0.825299978256225,
  "48": 0.830299973487854,
  "49": 0.835300028324127,
  "50": 0.840300023555755,
  "1.5": 0.135137430784308,
  "2.5": 0.192650914456886,
  "3.5": 0.236572655026622,
  "4.5": 0.273530381100769,
  "5.5": 0.306057381335773,
  "6.5": 0.335445032295077,
  "7.5": 0.362457748778790,
  "8.5": 0.387592411085168,
  "9.5": 0.411193549517250,
  "10.5": 0.432926413410414,
  "11.5": 0.453059953871985,
  "12.5": 0.472336077786704,
  "13.5": 0.490855810259008,
  "14.5": 0.508701756943992,
  "15.5": 0.525942508771329,
  "16.5": 0.542635762230353,
  "17.5": 0.558830599438087,
  "18.5": 0.574569148039264,
  "19.5": 0.589887911977272,
  "20.5": 0.604823657502073,
  "21.5": 0.619404110566050,
  "22.5": 0.633649181622743,
  "23.5": 0.647580963301656,
  "24.5": 0.661219263506722,
  "25.5": 0.674581899290818,
  "26.5": 0.687684905887771,
  "27.5": 0.700542893277978,
  "28.5": 0.713169102333341,
  "29.5": 0.725575616972598,
  "30.5": 0.734741011137376,
  "31.5": 0.740785574597326,
  "32.5": 0.746781208702482,
  "33.5": 0.752729105305821,
  "34.5": 0.758630366519684,
  "35.5": 0.764486065255226,
  "36.5": 0.770297273971590,
  "37.5": 0.776064945942412,
  "38.5": 0.781790064808426,
  "39.5": 0.787473583646825,
  "40.5": 0.792803950958807,
  "41.5": 0.797803921486970,
  "42.5": 0.802803892322847,
  "43.5": 0.807803863460723,
  "44.5": 0.812803834895026,
  "45.5": 0.817803806620319,
  "46.5": 0.822803778631297,
  "47.5": 0.827803750922782,
  "48.5": 0.832803753381377,
  "49.5": 0.837803755931569
}
